{
    "id": 1,
    "name": "Asp.Net Quiz",
    "description": "Asp.Net Quiz (contains webform, mvc, web API, etc.)",
    "answers": [{
            "id": 1010,
            "name": "ASP.NET webform separates the HTML output from program logic using a feature named as",
            "questionTypeId": 1,
            "options": [{
                    "id": 1055,
                    "questionId": 1010,
                    "name": "Exception",
                    "isAnswer": false
                },
                {
                    "id": 1056,
                    "questionId": 1010,
                    "name": "Code-behind",
                    "isAnswer": true
                },
                {
                    "id": 1057,
                    "questionId": 1010,
                    "name": "Code-front",
                    "isAnswer": false
                },
                {
                    "id": 1058,
                    "questionId": 1010,
                    "name": "None of the above",
                    "isAnswer": false
                }
            ],
            "questionType": {
                "id": 1,
                "name": "Multiple Choice",
                "isActive": true
            }
        },
        {
            "id": 1011,
            "name": "The feature in ASP.NET 2.0 that is used to fire a normal postback to a different page in the application is called",
            "questionTypeId": 1,
            "options": [{
                    "id": 1055,
                    "questionId": 1010,
                    "name": "Theme",
                    "isAnswer": false
                },
                {
                    "id": 1057,
                    "questionId": 1010,
                    "name": "Code-front",
                    "isAnswer": false
                },
                {
                    "id": 1056,
                    "questionId": 1010,
                    "name": "Cross Page Posting",
                    "isAnswer": true
                },
                {
                    "id": 1058,
                    "questionId": 1010,
                    "name": "None of the above",
                    "isAnswer": false
                }
            ],
            "questionType": {
                "id": 1,
                "name": "Multiple Choice",
                "isActive": true
            }
        },
        {
            "id": 1012,
            "name": "What class does the ASP.NET Web Form class inherit from by default?",
            "questionTypeId": 1,
            "options": [{
                    "id": 1055,
                    "questionId": 1010,
                    "name": "System.Web.UI.Page",
                    "isAnswer": true
                },
                {
                    "id": 1057,
                    "questionId": 1010,
                    "name": "System.Web.UI.Form",
                    "isAnswer": false
                },
                {
                    "id": 1056,
                    "questionId": 1010,
                    "name": "System.Web.GUI.Page",
                    "isAnswer": false
                },
                {
                    "id": 1058,
                    "questionId": 1010,
                    "name": "System.Web.Form",
                    "isAnswer": false
                }
            ],
            "questionType": {
                "id": 1,
                "name": "Multiple Choice",
                "isActive": true
            }
        },
        {
            "id": 1013,
            "name": "What does MVC stand for?",
            "questionTypeId": 1,
            "options": [{
                    "id": 1055,
                    "questionId": 1010,
                    "name": "Model View Controller",
                    "isAnswer": true
                },
                {
                    "id": 1057,
                    "questionId": 1010,
                    "name": "Maximum Virtual Control",
                    "isAnswer": false
                },
                {
                    "id": 1056,
                    "questionId": 1010,
                    "name": "Microsoft Visual Core",
                    "isAnswer": false
                },
                {
                    "id": 1058,
                    "questionId": 1010,
                    "name": "None of the above",
                    "isAnswer": false
                }
            ],
            "questionType": {
                "id": 1,
                "name": "Multiple Choice",
                "isActive": true
            }
        },
        {
            "id": 1014,
            "name": "Which of the following does NOT require type casting?",
            "questionTypeId": 1,
            "options": [{
                    "id": 1055,
                    "questionId": 1010,
                    "name": "Session",
                    "isAnswer": false
                },
                {
                    "id": 1057,
                    "questionId": 1010,
                    "name": "TempData",
                    "isAnswer": false
                },
                {
                    "id": 1056,
                    "questionId": 1010,
                    "name": "ViewData",
                    "isAnswer": false
                },
                {
                    "id": 1058,
                    "questionId": 1010,
                    "name": "ViewBag",
                    "isAnswer": true
                }
            ],
            "questionType": {
                "id": 1,
                "name": "Multiple Choice",
                "isActive": true
            }
        },
        {
            "id": 1015,
            "name": "Which is the correct order of Page life-cycle in asp.net webform?",
            "questionTypeId": 1,
            "options": [{
                    "id": 1055,
                    "questionId": 1010,
                    "name": "Init, PreRender, Load",
                    "isAnswer": false
                },
                {
                    "id": 1057,
                    "questionId": 1010,
                    "name": "Load, PreRender, Init",
                    "isAnswer": false
                },
                {
                    "id": 1056,
                    "questionId": 1010,
                    "name": "Init, Load, PreRender",
                    "isAnswer": true
                },
                {
                    "id": 1058,
                    "questionId": 1010,
                    "name": "None of the above",
                    "isAnswer": false
                }
            ],
            "questionType": {
                "id": 1,
                "name": "Multiple Choice",
                "isActive": true
            }
        },
        {
            "id": 1016,
            "name": "Which of these data source controls do not implement caching?",
            "questionTypeId": 1,
            "options": [{
                    "id": 1055,
                    "questionId": 1010,
                    "name": "ObjectDataSource",
                    "isAnswer": false
                },
                {
                    "id": 1056,
                    "questionId": 1010,
                    "name": "LinqDataSource",
                    "isAnswer": true
                },
                {
                    "id": 1057,
                    "questionId": 1010,
                    "name": "SqlDataSource",
                    "isAnswer": false
                },
                {
                    "id": 1058,
                    "questionId": 1010,
                    "name": "XmlDataSource",
                    "isAnswer": false
                }
            ],
            "questionType": {
                "id": 1,
                "name": "Multiple Choice",
                "isActive": true
            }
        },
        {
            "id": 1017,
            "name": "Which tag asp:Label control by default renders to?",
            "questionTypeId": 1,
            "options": [{
                    "id": 1055,
                    "questionId": 1010,
                    "name": "div",
                    "isAnswer": false
                },
                {
                    "id": 1056,
                    "questionId": 1010,
                    "name": "span",
                    "isAnswer": true
                },
                {
                    "id": 1057,
                    "questionId": 1010,
                    "name": "body",
                    "isAnswer": false
                },
                {
                    "id": 1058,
                    "questionId": 1010,
                    "name": "label",
                    "isAnswer": false
                }
            ],
            "questionType": {
                "id": 1,
                "name": "Multiple Choice",
                "isActive": true
            }
        },
        {
            "id": 1018,
            "name": "Which method do you use to explicitly kill a user's session?",
            "questionTypeId": 1,
            "options": [{
                    "id": 1055,
                    "questionId": 1010,
                    "name": "Session.Terminate()",
                    "isAnswer": false
                },
                {
                    "id": 1057,
                    "questionId": 1010,
                    "name": "Session.TimeOut()",
                    "isAnswer": false
                },
                {
                    "id": 1056,
                    "questionId": 1010,
                    "name": "Session.Abondon()",
                    "isAnswer": true
                },
                {
                    "id": 1058,
                    "questionId": 1010,
                    "name": "Session.Kill()",
                    "isAnswer": false
                }
            ],
            "questionType": {
                "id": 1,
                "name": "Multiple Choice",
                "isActive": true
            }
        },
        {
            "id": 1019,
            "name": "Which of the following object is ideal for keeping data alive for a single request?",
            "questionTypeId": 1,
            "options": [{
                    "id": 1055,
                    "questionId": 1010,
                    "name": "HttpContext",
                    "isAnswer": true
                },
                {
                    "id": 1056,
                    "questionId": 1010,
                    "name": "Session",
                    "isAnswer": false
                },
                {
                    "id": 1057,
                    "questionId": 1010,
                    "name": "Cookies",
                    "isAnswer": false
                },
                {
                    "id": 1058,
                    "questionId": 1010,
                    "name": "SqlServer",
                    "isAnswer": false
                }
            ],
            "questionType": {
                "id": 1,
                "name": "Multiple Choice",
                "isActive": true
            }
        }
    ]
}