{
    "id": 2,
    "name": "C# and .Net Framework",
    "description": "C# and .Net Quiz (contains C#, .Net Framework, Linq, etc.)",
    "config": {
        "shuffleQuestions": true,
        "showPager": false,
        "allowBack": true,
        "autoMove": true
    },
    "questions": [{
            "id": 1010,
            "name": "Which of the following assemblies can be stored in Global Assembly Cache?",
            "questionTypeId": 1,
            "options": [{
                    "id": 1055,
                    "questionId": 1010,
                    "name": "Private Assemblies",
                    "isAnswer": false
                },
                {
                    "id": 1056,
                    "questionId": 1010,
                    "name": "Friend Assemblies",
                    "isAnswer": false
                },
                {
                    "id": 1057,
                    "questionId": 1010,
                    "name": "Public Assemblies",
                    "isAnswer": false
                },
                {
                    "id": 1058,
                    "questionId": 1010,
                    "name": "Shared Assemblies",
                    "isAnswer": true
                }
            ],
            "questionType": {
                "id": 1,
                "name": "Multiple Choice",
                "isActive": true
            }
        },
        {
            "id": 1011,
            "name": "Which of the following .NET components can be used to remove unused references from the managed heap?",
            "questionTypeId": 1,
            "options": [{
                    "id": 1055,
                    "questionId": 1010,
                    "name": "Language Infrastructure",
                    "isAnswer": false
                },
                {
                    "id": 1056,
                    "questionId": 1010,
                    "name": "CLR",
                    "isAnswer": false
                },
                {
                    "id": 1057,
                    "questionId": 1010,
                    "name": "Garbage Collector",
                    "isAnswer": true
                },
                {
                    "id": 1058,
                    "questionId": 1010,
                    "name": "Class Loader",
                    "isAnswer": false
                },
                {
                    "id": 1058,
                    "questionId": 1010,
                    "name": "CTS",
                    "isAnswer": false
                }
            ],
            "questionType": {
                "id": 1,
                "name": "Multiple Choice",
                "isActive": true
            }
        },
        {
            "id": 1012,
            "name": "Which of the following utilities can be used to compile managed assemblies into processor-specific native code?",
            "questionTypeId": 1,
            "options": [{
                    "id": 1055,
                    "questionId": 1010,
                    "name": "gacutil",
                    "isAnswer": false
                },
                {
                    "id": 1057,
                    "questionId": 1010,
                    "name": "ngen",
                    "isAnswer": true
                },
                {
                    "id": 1056,
                    "questionId": 1010,
                    "name": "dumpbin",
                    "isAnswer": false
                },
                {
                    "id": 1058,
                    "questionId": 1010,
                    "name": "ildasm",
                    "isAnswer": false
                }
            ],
            "questionType": {
                "id": 1,
                "name": "Multiple Choice",
                "isActive": true
            }
        },
        {
            "id": 1013,
            "name": "Which of the following is NOT an Arithmetic operator in C#.NET?",
            "questionTypeId": 1,
            "options": [{
                    "id": 1055,
                    "questionId": 1010,
                    "name": "** (Double Star)",
                    "isAnswer": true
                },
                {
                    "id": 1057,
                    "questionId": 1010,
                    "name": "+ (Plus)",
                    "isAnswer": false
                },
                {
                    "id": 1056,
                    "questionId": 1010,
                    "name": "/ (Divide)",
                    "isAnswer": false
                },
                {
                    "id": 1058,
                    "questionId": 1010,
                    "name": "% (Modulo)",
                    "isAnswer": false
                }
            ],
            "questionType": {
                "id": 1,
                "name": "Multiple Choice",
                "isActive": true
            }
        },
        {
            "id": 1014,
            "name": "Which of the following statements is correct about an interface used in C#.NET?",
            "questionTypeId": 1,
            "options": [{
                    "id": 1055,
                    "questionId": 1010,
                    "name": "If a class implements an interface partially, then it should be an abstract class.",
                    "isAnswer": true
                },
                {
                    "id": 1057,
                    "questionId": 1010,
                    "name": "A class cannot implement an interface partially.",
                    "isAnswer": false
                },
                {
                    "id": 1056,
                    "questionId": 1010,
                    "name": "An interface can contain static methods.",
                    "isAnswer": false
                },
                {
                    "id": 1058,
                    "questionId": 1010,
                    "name": "An interface can contain static data.",
                    "isAnswer": false
                }
            ],
            "questionType": {
                "id": 1,
                "name": "Multiple Choice",
                "isActive": true
            }
        },
        {
            "id": 1015,
            "name": "What does the term <strong>immutable</strong> means in term of string objects?",
            "questionTypeId": 1,
            "options": [{
                    "id": 1055,
                    "questionId": 1010,
                    "name": "We can modify characters included in the string",
                    "isAnswer": false
                },
                {
                    "id": 1057,
                    "questionId": 1010,
                    "name": "We cannot modify characters contained in the string",
                    "isAnswer": true
                },
                {
                    "id": 1056,
                    "questionId": 1010,
                    "name": "We cannot perform various operation of comparison, inserting, appending etc",
                    "isAnswer": false
                },
                {
                    "id": 1058,
                    "questionId": 1010,
                    "name": "None of the above",
                    "isAnswer": false
                }
            ],
            "questionType": {
                "id": 1,
                "name": "Multiple Choice",
                "isActive": true
            }
        },
        {
            "id": 1016,
            "name": "Which of the following is NOT a .NET Exception class?",
            "questionTypeId": 1,
            "options": [{
                    "id": 1055,
                    "questionId": 1010,
                    "name": "Exception",
                    "isAnswer": false
                },
                {
                    "id": 1056,
                    "questionId": 1010,
                    "name": "StackMemoryException",
                    "isAnswer": true
                },
                {
                    "id": 1057,
                    "questionId": 1010,
                    "name": "DivideByZeroException",
                    "isAnswer": false
                },
                {
                    "id": 1058,
                    "questionId": 1010,
                    "name": "InvalidOperationException",
                    "isAnswer": false
                }
            ],
            "questionType": {
                "id": 1,
                "name": "Multiple Choice",
                "isActive": true
            }
        },
        {
            "id": 1017,
            "name": "In C#.NET if we do not catch the exception thrown at runtime then which of the following will catch it?",
            "questionTypeId": 1,
            "options": [{
                    "id": 1055,
                    "questionId": 1010,
                    "name": "Compiler",
                    "isAnswer": false
                },
                {
                    "id": 1056,
                    "questionId": 1010,
                    "name": "CLR",
                    "isAnswer": true
                },
                {
                    "id": 1057,
                    "questionId": 1010,
                    "name": "Linker",
                    "isAnswer": false
                },
                {
                    "id": 1058,
                    "questionId": 1010,
                    "name": "Operating system",
                    "isAnswer": false
                }
            ],
            "questionType": {
                "id": 1,
                "name": "Multiple Choice",
                "isActive": true
            }
        },
        {
            "id": 1018,
            "name": "Which of the following statements are correct about delegates?",
            "questionTypeId": 1,
            "options": [{
                    "id": 1055,
                    "questionId": 1010,
                    "name": "Delegates cannot be used to call a static method of a class.",
                    "isAnswer": false
                },
                {
                    "id": 1057,
                    "questionId": 1010,
                    "name": "Delegates cannot be used to call procedures that receive variable number of arguments.",
                    "isAnswer": true
                },
                {
                    "id": 1056,
                    "questionId": 1010,
                    "name": "If signatures of two methods are same they can be called through the same delegate object.",
                    "isAnswer": false
                },
                {
                    "id": 1058,
                    "questionId": 1010,
                    "name": "Delegates cannot be used to call an instance function. Delegates cannot be used to call an instance subroutine.",
                    "isAnswer": false
                }
            ],
            "questionType": {
                "id": 1,
                "name": "Multiple Choice",
                "isActive": true
            }
        },
        {
            "id": 1019,
            "name": "Write hello world program?",
            "questionTypeId": 2,
            "questionType": {
                "id": 2,
                "name": "Program",
                "isActive": true
            }
        }
    ]
}