{
    "id": 2,
    "name": "Programming question",
    "description": "s",
    "config": {
        "shuffleQuestions": true,
        "showPager": false,
        "allowBack": true,
        "autoMove": true
    },
    "questions": [{
            "id": 1001,
            "name": " How to find the maximum occurring character in given String?",
            "questionTypeId": 2,
            "output": null
        },
        {
            "id": 1002,
            "name": "How do you print duplicate characters from a string?  ",
            "questionTypeId": 2,
            "output": null
        },
        {
            "id": 1003,
            "name": "How do you check if two strings are anagrams of each other?  ",
            "questionTypeId": 2,
            "output": null
        },
        {
            "id": 1004,
            "name": "How do you find all the permutations of a string ? ",
            "questionTypeId": 2,
            "output": null
        },
        {
            "id": 1005,
            "name": "How can a given string be reversed using recursion?  ",
            "questionTypeId": 2,
            "output": null
        },
        {
            "id": 1006,
            "name": "How do you check if a string contains only digits?  ",
            "questionTypeId": 2,
            "output": null
        },
        {
            "id": 1007,
            "name": "How do you find duplicate characters in a given string?  ",
            "questionTypeId": 2,
            "output": null
        },
        {
            "id": 1008,
            "name": "How do you count a number of vowels and consonants in a given string?  ",
            "questionTypeId": 2,
            "output": null
        },
        {
            "id": 1009,
            "name": "How do you count the occurrence of a given character in a string?  ",
            "questionTypeId": 2,
            "output": null
        },
        {
            "id": 1010,
            "name": "How do you print the first non-repeated character from a string?  ",
            "questionTypeId": 2,
            "output": null
        },
        {
            "id": 1011,
            "name": "How do you remove a given character from String?",
            "questionTypeId": 2,
            "output": null
        },
        {
            "id": 1012,
            "name": "How do you convert a given String into int like the atoi()? ",
            "questionTypeId": 2,
            "output": null
        }
    ]
}