{
    "id": 1,
    "name": "Aptitude Exam",
    "description": "General aptitude exam",
    "questions": [
        {
            "id": 1000,
            "name": "The largest copper producing country in the World is?",
            "questionTypeId": 1,
            "qlevel": "1",
            "options": [
                {
                    "id": 10001,
                    "questionId": 1000,
                    "name": "Chile",
                    "isAnswer": true
                },
                {
                    "id": 10002,
                    "questionId": 1000,
                    "name": "Russia",
                    "isAnswer": false
                },
                {
                    "id": 10003,
                    "questionId": 1000,
                    "name": "South Africa",
                    "isAnswer": false
                },
                {
                    "id": 10004,
                    "questionId": 1000,
                    "name": "China",
                    "isAnswer": false
                }
            ],
            "questionType": {
                "id": 1,
                "name": "Multiple Choice",
                "isActive": true
            }
        },
        {
            "id": 1001,
            "name": " If the radius of a circle is diminished by 10%, then its area is diminished by:",
            "questionTypeId": 1,
            "qlevel": "1",
            "options": [
                {
                    "id": 10011,
                    "questionId": 1001,
                    "name": "10%",
                    "isAnswer": false
                },
                {
                    "id": 10012,
                    "questionId": 1001,
                    "name": "19%",
                    "isAnswer": true
                },
                {
                    "id": 10013,
                    "questionId": 1001,
                    "name": "20%",
                    "isAnswer": false
                },
                {
                    "id": 10014,
                    "questionId": 1001,
                    "name": "36%",
                    "isAnswer": false
                }
            ],
            "questionType": {
                "id": 1,
                "name": "Multiple Choice",
                "isActive": true
            }
        },
        {
            "id": 1002,
            "name": "A boat travels 20 kms upstream in 6 hrs and 18 kms downstream in 4 hrs.Find the speed of the boat in still water and the speed of the water current?",
            "questionTypeId": 1,
            "qlevel": "1",
            "options": [
                {
                    "id": 10021,
                    "questionId": 1002,
                    "name": "1/2 kmph",
                    "isAnswer": false
                },
                {
                    "id": 10022,
                    "questionId": 1002,
                    "name": " 7/12 kmph",
                    "isAnswer": true
                },
                {
                    "id": 10023,
                    "questionId": 1002,
                    "name": " 5 kmph",
                    "isAnswer": false
                },
                {
                    "id": 10024,
                    "questionId": 1002,
                    "name": "none of these",
                    "isAnswer": false
                }
            ],
            "questionType": {
                "id": 1,
                "name": "Multiple Choice",
                "isActive": true
            }
        },
        {
            "id": 1003,
            "name": "At what time after 4.00 p.m. is the minutes hand of a clock exactly aligned with the hour hand?",
            "questionTypeId": 1,
            "qlevel": "1",
            "options": [
                {
                    "id": 10031,
                    "questionId": 1003,
                    "name": " 4:21:49.5",
                    "isAnswer": true
                },
                {
                    "id": 10032,
                    "questionId": 1003,
                    "name": " 4:27:49.5",
                    "isAnswer": false
                },
                {
                    "id": 10033,
                    "questionId": 1003,
                    "name": " 3:21:49.5",
                    "isAnswer": false
                },
                {
                    "id": 10034,
                    "questionId": 1003,
                    "name": " 4:21:44.5",
                    "isAnswer": false
                }
            ],
            "questionType": {
                "id": 1,
                "name": "Multiple Choice",
                "isActive": true
            }
        },
        {
            "id": 1004,
            "name": "A shop keeper sold a T.V set for Rs.17,940 with a discount of 8% and earned a profit of 19.6%.What would have been the percentage of profit earned if no discount was offered?",
			"questionTypeId": 1,
            "qlevel": "1",
            "options": [
                {
                    "id": 10041,
                    "questionId": 1004,
                    "name": " 24.8%",
                    "isAnswer": false
                },
                {
                    "id": 10042,
                    "questionId": 1004,
                    "name": "25%",
                    "isAnswer": false
                },
                {
                    "id": 10043,
                    "questionId": 1004,
                    "name": "26.4%",
                    "isAnswer": false
                },
                {
                    "id": 10044,
                    "questionId": 1004,
                    "name": "None of these",
                    "isAnswer": true
                }
            ],
            "questionType": {
                "id": 1,
                "name": "Multiple Choice",
                "isActive": true
            }
        },
        {
            "id": 1005,
            "name": " If (2x-y)=4 then (6x-3y)=?",
            "questionTypeId": 1,
            "qlevel": "1",
            "options": [
                {
                    "id": 10051,
                    "questionId": 1005,
                    "name": "15",
                    "isAnswer": false
                },
                {
                    "id": 10052,
                    "questionId": 1005,
                    "name": " 12",
                    "isAnswer": true
                },
                {
                    "id": 10053,
                    "questionId": 1005,
                    "name": "18",
                    "isAnswer": false
                },
                {
                    "id": 10054,
                    "questionId": 1005,
                    "name": "10",
                    "isAnswer": false
                }
            ],
            "questionType": {
                "id": 1,
                "name": "Multiple Choice",
                "isActive": true
            }
        },
        {
            "id": 1006,
            "name": "A clock is set right at 8 a.m. The clock gains 10 minutes in 24 hours. What will be the true time when the clock indicates 1 p.m. on the following day?",
			"questionTypeId": 1,
            "qlevel": "1",
            "options": [
                {
                    "id": 10061,
                    "questionId": 1006,
                    "name": " 48 min. past 12",
                    "isAnswer": true
                },
                {
                    "id": 10062,
                    "questionId": 1006,
                    "name": "38 min. past 12",
                    "isAnswer": false
                },
                {
                    "id": 10063,
                    "questionId": 1006,
                    "name": " 28 min. past 12",
                    "isAnswer": false
                },
                {
                    "id": 10064,
                    "questionId": 1006,
                    "name": "25 min. past 12",
                    "isAnswer": false
                }
            ],
            "questionType": {
                "id": 1,
                "name": "Multiple Choice",
                "isActive": true
            }
        },
        {
            "id": 1007,
            "name": " What is the missing number in this series? 8 2 14 6 11 ? 14 6 18 12",
            "questionTypeId": 1,
            "qlevel": "1",
            "options": [
                {
                    "id": 10071,
                    "questionId": 1007,
                    "name": "16",
                    "isAnswer": false
                },
                {
                    "id": 10072,
                    "questionId": 1007,
                    "name": " 9",
                    "isAnswer": true
                },
                {
                    "id": 10073,
                    "questionId": 1007,
                    "name": "15",
                    "isAnswer": false
                },
                {
                    "id": 10074,
                    "questionId": 1007,
                    "name": " 6",
                    "isAnswer": false
                }
            ],
            "questionType": {
                "id": 1,
                "name": "Multiple Choice",
                "isActive": true
            }
        },
        {
            "id": 1008,
            "name": "  Dinesh travelled 1200 km by air which formed 2/5 of his trip. One third of the whole trip, he travelled by car and the rest of the journey he performed by train.What was the distance travelled by train?",
			"questionTypeId": 1,
            "qlevel": "1",
            "options": [
                {
                    "id": 10081,
                    "questionId": 1008,
                    "name": "600Km",
                    "isAnswer": false
                },
                {
                    "id": 10082,
                    "questionId": 1008,
                    "name": "700Km",
                    "isAnswer": false
                },
                {
                    "id": 10083,
                    "questionId": 1008,
                    "name": "800Km",
                    "isAnswer": true
                },
                {
                    "id": 10084,
                    "questionId": 1008,
                    "name": "900Km",
                    "isAnswer": false
                }
            ],
            "questionType": {
                "id": 1,
                "name": "Multiple Choice",
                "isActive": true
            }
        },
        {
            "id": 1009,
            "name": "A train which travels at a uniform speed due to some mechanical fault after traveling for an hour goes at 3/5th of the original speed and reaches the destination 2 hrs late.If the fault had occurred after traveling another 50 miles the train would have reached 40 min earlier. What is distance between the two stations.",
			"questionTypeId": 1,
            "qlevel": "1",
            "options": [
                {
                    "id": 10091,
                    "questionId": 1009,
                    "name": "300",
                    "isAnswer": true
                },
                {
                    "id": 10092,
                    "questionId": 1009,
                    "name": "310",
                    "isAnswer": false
                },
                {
                    "id": 10093,
                    "questionId": 1009,
                    "name": "320",
                    "isAnswer": false
                },
                {
                    "id": 10094,
                    "questionId": 1009,
                    "name": "305",
                    "isAnswer": false
                }
            ],
            "questionType": {
                "id": 1,
                "name": "Multiple Choice",
                "isActive": true
            }
        },
        {
            "id": 1010,
            "name": "The average between a two digit number and the number obtained by interchanging the digits is 9. What is the difference between the two digits of the number?",
			"questionTypeId": 1,
            "qlevel": "1",
            "options": [
                {
                    "id": 10101,
                    "questionId": 1010,
                    "name": "8",
                    "isAnswer": false
                },
                {
                    "id": 10102,
                    "questionId": 1010,
                    "name": "2",
                    "isAnswer": false
                },
                {
                    "id": 10103,
                    "questionId": 1010,
                    "name": "5",
                    "isAnswer": false
                },
                {
                    "id": 10104,
                    "questionId": 1010,
                    "name": "Cannot be determined",
                    "isAnswer": true
                }
            ],
            "questionType": {
                "id": 1,
                "name": "Multiple Choice",
                "isActive": true
            }
        },
        {
            "id": 1011,
            "name": " Pipe A can fill in 20 minutes and Pipe B in 30 mins and Pipe C can empty the same in 40 mins.If all of them work together, find the time taken to fill the tank",
			"questionTypeId": 1,
            "qlevel": "1",
            "options": [
                {
                    "id": 10111,
                    "questionId": 1011,
                    "name": "  17 1/7 mins",
                    "isAnswer": true
                },
                {
                    "id": 10112,
                    "questionId": 1011,
                    "name": "20 mins",
                    "isAnswer": false
                },
                {
                    "id": 10113,
                    "questionId": 1011,
                    "name": "8 mins",
                    "isAnswer": false
                },
                {
                    "id": 10114,
                    "questionId": 1011,
                    "name": "none of these",
                    "isAnswer": false
                }
            ],
            "questionType": {
                "id": 1,
                "name": "Multiple Choice",
                "isActive": true
            }
        },
        {
            "id": 1012,
            "name": " A person has 4 coins each of different denomination. What is the number of different sums of money the person can form (using one or more coins at a time)?",
			"questionTypeId": 1,
            "qlevel": "1",
            "options": [
                {
                    "id": 10121,
                    "questionId": 1012,
                    "name": "16",
                    "isAnswer": false
                },
                {
                    "id": 10122,
                    "questionId": 1012,
                    "name": "15",
                    "isAnswer": true
                },
                {
                    "id": 10123,
                    "questionId": 1012,
                    "name": "12",
                    "isAnswer": false
                },
                {
                    "id": 10124,
                    "questionId": 1012,
                    "name": "11",
                    "isAnswer": false
                }
            ],
            "questionType": {
                "id": 1,
                "name": "Multiple Choice",
                "isActive": true
            }
        },
        {
            "id": 1013,
            "name": "The simple interest on a certain sum of money for 3 years is 225 and the compound interest on the same sum at the same rate for 2 years is 153 then the principal invested is",
			"questionTypeId": 1,
            "qlevel": "1",
            "options": [
                {
                    "id": 10131,
                    "questionId": 1013,
                    "name": "1500",
                    "isAnswer": false
                },
                {
                    "id": 10132,
                    "questionId": 1013,
                    "name": "2250",
                    "isAnswer": false
                },
                {
                    "id": 10133,
                    "questionId": 1013,
                    "name": "3000",
                    "isAnswer": false
                },
                {
                    "id": 10134,
                    "questionId": 1013,
                    "name": "1875",
                    "isAnswer": true
                }
            ],
            "questionType": {
                "id": 1,
                "name": "Multiple Choice",
                "isActive": true
            }
        },
        {
            "id": 1014,
            "name": "A cow is tethered in the middle of a field with a 14 feet long rope. If the cow grazes 100 sq. ft. per day, then approximately what time will be taken by the cow to graze the whole field ?",
            "questionTypeId": 1,
            "qlevel": "1",
            "options": [
                {
                    "id": 10141,
                    "questionId": 1014,
                    "name": "2 days",
                    "isAnswer": false
                },
                {
                    "id": 10142,
                    "questionId": 1014,
                    "name": "6 days",
                    "isAnswer": true
                },
                {
                    "id": 10143,
                    "questionId": 1014,
                    "name": "18 days",
                    "isAnswer": false
                },
                {
                    "id": 10144,
                    "questionId": 1014,
                    "name": "24 days",
                    "isAnswer": false
                }
            ],
            "questionType": {
                "id": 1,
                "name": "Multiple Choice",
                "isActive": true
            }
        },
        {
            "id": 1015,
            "name": "2 hours after a freight train leaves Delhi a passenger train leaves the same station travelling in the same direction at an average speed of 16 km/hr. After travelling 4 hrs the passenger train overtakes the freight train. The average speed of the freight train was?",
            "questionTypeId": 1,
            "qlevel": "1",
            "options": [
                {
                    "id": 10151,
                    "questionId": 1015,
                    "name": "40",
                    "isAnswer": true
                },
                {
                    "id": 10152,
                    "questionId": 1015,
                    "name": "30",
                    "isAnswer": true
                },
                {
                    "id": 10153,
                    "questionId": 1015,
                    "name": "80",
                    "isAnswer": false
                },
                {
                    "id": 10154,
                    "questionId": 1015,
                    "name": "60",
                    "isAnswer": false
                }
            ],
            "questionType": {
                "id": 1,
                "name": "Multiple Choice",
                "isActive": true
            }
        },
        {
            "id": 1016,
            "name": "The two colors seen at the extreme ends of the pH chart are:",
            "questionTypeId": 1,
            "qlevel": "1",
            "options": [
                {
                    "id": 10161,
                    "questionId": 1016,
                    "name": " Red and Blue",
                    "isAnswer": true
                },
                {
                    "id": 10162,
                    "questionId": 1016,
                    "name": "Red and Green",
                    "isAnswer": false
                },
                {
                    "id": 10163,
                    "questionId": 1016,
                    "name": "Green and Blue",
                    "isAnswer": false
                },
                {
                    "id": 10164,
                    "questionId": 1016,
                    "name": "Orange and Green",
                    "isAnswer": false
                }
            ],
            "questionType": {
                "id": 1,
                "name": "Multiple Choice",
                "isActive": true
            }
        },
        {
            "id": 1017,
            "name": " 8 15 24 35 48 63 _?",
            "questionTypeId": 1,
            "qlevel": "1",
            "options": [
                {
                    "id": 10171,
                    "questionId": 1017,
                    "name": "70",
                    "isAnswer": false
                },
                {
                    "id": 10172,
                    "questionId": 1017,
                    "name": "80",
                    "isAnswer": true
                },
                {
                    "id": 10173,
                    "questionId": 1017,
                    "name": "75",
                    "isAnswer": false
                },
                {
                    "id": 10174,
                    "questionId": 1017,
                    "name": "88",
                    "isAnswer": false
                }
            ],
            "questionType": {
                "id": 1,
                "name": "Multiple Choice",
                "isActive": true
            }
        },
        {
            "id": 1018,
            "name": " x% of y is y% of ?",
            "questionTypeId": 1,
            "qlevel": "1",
            "options": [
                {
                    "id": 10181,
                    "questionId": 1018,
                    "name": " x/y",
                    "isAnswer": false
                },
                {
                    "id": 10182,
                    "questionId": 1018,
                    "name": "2y",
                    "isAnswer": false
                },
                {
                    "id": 10183,
                    "questionId": 1018,
                    "name": "x",
                    "isAnswer": true
                },
                {
                    "id": 10184,
                    "questionId": 1018,
                    "name": " can’t be determined",
                    "isAnswer": false
                }
            ],
            "questionType": {
                "id": 1,
                "name": "Multiple Choice",
                "isActive": true
            }
        },
        {
            "id": 1019,
            "name": "In the given figure, PA and PB are tangents to the circle at A and B respectively and the chord BC is parallel to tangent PA. If AC = 6 cm, and length of the tangent AP is 9 cm, then what is the length of the chord BC?",
            "questionTypeId": 1,
            "qlevel": "1",
            "options": [
                {
                    "id": 10181,
                    "questionId": 1018,
                    "name": " 4 cm",
                    "isAnswer": true
                },
                {
                    "id": 10182,
                    "questionId": 1018,
                    "name": "8 cm",
                    "isAnswer": false
                },
                {
                    "id": 10183,
                    "questionId": 1018,
                    "name": " 6 cm",
                    "isAnswer": false
                },
                {
                    "id": 10184,
                    "questionId": 1018,
                    "name": "5 cm",
                    "isAnswer": false
                }
            ],
            "questionType": {
                "id": 1,
                "name": "Multiple Choice",
                "isActive": true
            }
        },
        {
            "id": 1020,
            "name": "2 numbers differ by 5.If their product is 336,then the sum of the 2 numbers is:",
            "questionTypeId": 1,
            "qlevel": "1",
            "options": [
                {
                    "id": 10201,
                    "questionId": 1020,
                    "name": " 21",
                    "isAnswer": false
                },
                {
                    "id": 10202,
                    "questionId": 1020,
                    "name": "51",
                    "isAnswer": false
                },
                {
                    "id": 10203,
                    "questionId": 1020,
                    "name": "28",
                    "isAnswer": false
                },
                {
                    "id": 10204,
                    "questionId": 1020,
                    "name": "37",
                    "isAnswer": true
                }
            ],
            "questionType": {
                "id": 1,
                "name": "Multiple Choice",
                "isActive": true
            }
        },
        {
            "id": 1021,
            "name": "Which number is the odd one out? 9678 4572 5261 3527 7768",
            "questionTypeId": 1,
            "qlevel": "1",
            "options": [
                {
                    "id": 10211,
                    "questionId": 1021,
                    "name": "7768",
                    "isAnswer": false
                },
                {
                    "id": 10212,
                    "questionId": 1021,
                    "name": "3527",
                    "isAnswer": true
                },
                {
                    "id": 10213,
                    "questionId": 1021,
                    "name": "4572",
                    "isAnswer": false
                },
                {
                    "id": 10214,
                    "questionId": 1021,
                    "name": "9678",
                    "isAnswer": false
                }
            ],
            "questionType": {
                "id": 1,
                "name": "Multiple Choice",
                "isActive": true
            }
        },
        {
            "id": 1022,
            "name": "Which one among the following has the largest shipyard in India",
            "questionTypeId": 1,
            "qlevel": "1",
            "options": [
                {
                    "id": 10221,
                    "questionId": 1022,
                    "name": "Kolkata",
                    "isAnswer": false
                },
                {
                    "id": 10222,
                    "questionId": 1022,
                    "name": "Kochi",
                    "isAnswer": true
                },
                {
                    "id": 10223,
                    "questionId": 1022,
                    "name": "Mumbai",
                    "isAnswer": false
                },
                {
                    "id": 10224,
                    "questionId": 1022,
                    "name": "Visakhapatnam",
                    "isAnswer": false
                }
            ],
            "questionType": {
                "id": 1,
                "name": "Multiple Choice",
                "isActive": true
            }
        },
        {
            "id": 1023,
            "name": "A radio when sold at a certain price gives a gain of 20%. What will be the gain percent, if sold for thrice the price?",
            "questionTypeId": 1,
            "qlevel": "1",
            "options": [
                {
                    "id": 10231,
                    "questionId": 1023,
                    "name": "280",
                    "isAnswer": false
                },
                {
                    "id": 10232,
                    "questionId": 1023,
                    "name": "270",
                    "isAnswer": false
                },
                {
                    "id": 10233,
                    "questionId": 1023,
                    "name": "290",
                    "isAnswer": false
                },
                {
                    "id": 10234,
                    "questionId": 1023,
                    "name": "260",
                    "isAnswer": true
                }
            ],
            "questionType": {
                "id": 1,
                "name": "Multiple Choice",
                "isActive": true
            }
        }
    ]
}